"","min","q1st","median","mean","q3rd","max","na.count","layer_name"
"1",0,359,709,715.232354130927,993,4549,2143,"clm_precipitation_sm2rain.annual_m_1km_s0..0cm_2007..2018_v0.2.tif"
"2",0,28,65,64.9787526168001,96,485,2143,"clm_precipitation_sm2rain.apr_m_1km_s0..0cm_2007..2018_v0.2.tif"
"3",0,15,27,26.9083079158018,38,202,2143,"clm_precipitation_sm2rain.apr_sd.10_10km_s0..0cm_2007..2018_v1.0.tif"
"4",0,40,73,68.7473138122754,93,724,2143,"clm_precipitation_sm2rain.aug_m_1km_s0..0cm_2007..2018_v0.2.tif"
"5",0,20,28,27.6911245818287,35,272,2143,"clm_precipitation_sm2rain.aug_sd.10_10km_s0..0cm_2007..2018_v1.0.tif"
"6",0,13,28,44.9291507837851,70,523,2143,"clm_precipitation_sm2rain.dec_m_1km_s0..0cm_2007..2018_v0.2.tif"
"7",0,5,13,17.8184523897401,26,173,2143,"clm_precipitation_sm2rain.dec_sd.10_10km_s0..0cm_2007..2018_v1.0.tif"
"8",0,11,22,35.8949323396629,53,522,2143,"clm_precipitation_sm2rain.feb_m_1km_s0..0cm_2007..2018_v0.2.tif"
"9",0,4,11,14.183168623792,22,145,2143,"clm_precipitation_sm2rain.feb_sd.10_10km_s0..0cm_2007..2018_v1.0.tif"
"10",0,11,21,38.1524402306623,56,579,2143,"clm_precipitation_sm2rain.jan_m_1km_s0..0cm_2007..2018_v0.2.tif"
"11",0,2,8,13.7140845112009,22,167,2143,"clm_precipitation_sm2rain.jan_sd.10_10km_s0..0cm_2007..2018_v1.0.tif"
"12",0,40,75,68.8791208142271,96,765,2143,"clm_precipitation_sm2rain.jul_m_1km_s0..0cm_2007..2018_v0.2.tif"
"13",0,19,27,27.0938357195794,36,254,2143,"clm_precipitation_sm2rain.jul_sd.10_10km_s0..0cm_2007..2018_v1.0.tif"
"14",0,51,90,80.7587790136325,111,828,2143,"clm_precipitation_sm2rain.jun_m_1km_s0..0cm_2007..2018_v0.2.tif"
"15",0,25,38,34.7018279954056,46,260,2143,"clm_precipitation_sm2rain.jun_sd.10_10km_s0..0cm_2007..2018_v1.0.tif"
"16",0,20,44,52.5592349052342,75,564,2143,"clm_precipitation_sm2rain.mar_m_1km_s0..0cm_2007..2018_v0.2.tif"
"17",0,8,17,19.080802652675,28,160,2143,"clm_precipitation_sm2rain.mar_sd.10_10km_s0..0cm_2007..2018_v1.0.tif"
"18",0,48,92,84.5387256884879,118,614,2143,"clm_precipitation_sm2rain.may_m_1km_s0..0cm_2007..2018_v0.2.tif"
"19",0,24,37,34.9964981383442,47,208,2143,"clm_precipitation_sm2rain.may_sd.10_10km_s0..0cm_2007..2018_v1.0.tif"
"20",0,16,37,47.7914945508552,74,539,2143,"clm_precipitation_sm2rain.nov_m_1km_s0..0cm_2007..2018_v0.2.tif"
"21",0,10,17,21.0886272170829,30,150,2143,"clm_precipitation_sm2rain.nov_sd.10_10km_s0..0cm_2007..2018_v1.0.tif"
"22",0,29,63,60.6572073096195,82,704,2143,"clm_precipitation_sm2rain.oct_m_1km_s0..0cm_2007..2018_v0.2.tif"
"23",0,20,29,30.5575696017149,39,165,2143,"clm_precipitation_sm2rain.oct_sd.10_10km_s0..0cm_2007..2018_v1.0.tif"
"24",0,35,75,67.3027663526014,93,562,2143,"clm_precipitation_sm2rain.sep_m_1km_s0..0cm_2007..2018_v0.2.tif"
"25",0,22,27,30.0827602701099,39,192,2143,"clm_precipitation_sm2rain.sep_sd.10_10km_s0..0cm_2007..2018_v1.0.tif"
"26",12800,14400,14640,14658.5161508711,14930,16030,2143,"clm_lst_mod11a2.annual.day_m_1km_s0..0cm_2000..2017_v1.0.tif"
"27",71,192,223,219.269262183089,246,406,2143,"clm_lst_mod11a2.annual.day_sd_1km_s0..0cm_2000..2017_v1.0.tif"
"28",12690,13760,13950,13971.9041309667,14140,15000,2143,"clm_lst_mod11a2.annual.night_m_1km_s0..0cm_2000..2017_v1.0.tif"
"29",12640,14670,14850,14847.5089865009,15070,16330,2143,"clm_lst_mod11a2.apr.day_m_1km_s0..0cm_2000..2017_v1.0.tif"
"30",42,176,209,215.483021578047,249,534,2143,"clm_lst_mod11a2.apr.day_sd_1km_s0..0cm_2000..2017_v1.0.tif"
"31",-36.2727272727273,709,860,892.210105517111,1085,1924,2143,"clm_lst_mod11a2.apr.daynight_m_1km_s0..0cm_2000..2017_v1.0.tif"
"32",12390,13740,13930,13955.3510190844,14140,15040,2143,"clm_lst_mod11a2.apr.night_m_1km_s0..0cm_2000..2017_v1.0.tif"
"33",13480,14980,15190,15247.2369233392,15530,16510,2143,"clm_lst_mod11a2.aug.day_m_1km_s0..0cm_2000..2017_v1.0.tif"
"34",11.125,121,151,158.403490665078,191,455,2143,"clm_lst_mod11a2.aug.day_sd_1km_s0..0cm_2000..2017_v1.0.tif"
"35",67,478,632,731.857937029051,961,1904,2143,"clm_lst_mod11a2.aug.daynight_m_1km_s0..0cm_2000..2017_v1.0.tif"
"36",13290,14380,14520,14515.2355793988,14660,15340,2143,"clm_lst_mod11a2.aug.night_m_1km_s0..0cm_2000..2017_v1.0.tif"
"37",11520,13460,13840,13842.7041226212,14140,16190,2143,"clm_lst_mod11a2.dec.day_m_1km_s0..0cm_2000..2017_v1.0.tif"
"38",35,204,264,263.588112976652,319,513,2143,"clm_lst_mod11a2.dec.day_sd_1km_s0..0cm_2000..2017_v1.0.tif"
"39",-123,303,412,442.531473668155,573,1801,2143,"clm_lst_mod11a2.dec.daynight_m_1km_s0..0cm_2000..2017_v1.0.tif"
"40",11480,13140,13380,13413.3478923473,13620,14970,2143,"clm_lst_mod11a2.dec.night_m_1km_s0..0cm_2000..2017_v1.0.tif"
"41",11690,13580,14010,14003.4629108448,14390,16070,2143,"clm_lst_mod11a2.feb.day_m_1km_s0..0cm_2000..2017_v1.0.tif"
"42",50,222,279,277.085325774492,332,538,2143,"clm_lst_mod11a2.feb.day_sd_1km_s0..0cm_2000..2017_v1.0.tif"
"43",-170.795454545455,405,519,564.756591516797,706,1537,2143,"clm_lst_mod11a2.feb.daynight_m_1km_s0..0cm_2000..2017_v1.0.tif"
"44",11500,13180,13400,13445.7926360638,13680,15010,2143,"clm_lst_mod11a2.feb.night_m_1km_s0..0cm_2000..2017_v1.0.tif"
"45",11440,13420,13800,13814.272319244,14170,16100,2143,"clm_lst_mod11a2.jan.day_m_1km_s0..0cm_2000..2017_v1.0.tif"
"46",39,208,257,264.095416563117,324,527,2143,"clm_lst_mod11a2.jan.day_sd_1km_s0..0cm_2000..2017_v1.0.tif"
"47",-218.25,295,410,448.992273164549,587,1647,2143,"clm_lst_mod11a2.jan.daynight_m_1km_s0..0cm_2000..2017_v1.0.tif"
"48",11420,13120,13330,13371.8587008525,13580,15000,2143,"clm_lst_mod11a2.jan.night_m_1km_s0..0cm_2000..2017_v1.0.tif"
"49",13390,15050,15240,15331.9806209466,15620,16640,2143,"clm_lst_mod11a2.jul.day_m_1km_s0..0cm_2000..2017_v1.0.tif"
"50",17,121,148,157.438050873939,193,451,2143,"clm_lst_mod11a2.jul.day_sd_1km_s0..0cm_2000..2017_v1.0.tif"
"51",-27,468,614,745.113011162817,1015,1943,2143,"clm_lst_mod11a2.jul.daynight_m_1km_s0..0cm_2000..2017_v1.0.tif"
"52",13280,14460,14600,14587.0778495271,14740,15300,2143,"clm_lst_mod11a2.jul.night_m_1km_s0..0cm_2000..2017_v1.0.tif"
"53",13520,15040,15210,15265.0890792715,15500,16600,2143,"clm_lst_mod11a2.jun.day_m_1km_s0..0cm_2000..2017_v1.0.tif"
"54",16,138,169,179.080276863997,215,487,2143,"clm_lst_mod11a2.jun.day_sd_1km_s0..0cm_2000..2017_v1.0.tif"
"55",52,546,706,796.682182649724,1026,2011,2143,"clm_lst_mod11a2.jun.daynight_m_1km_s0..0cm_2000..2017_v1.0.tif"
"56",13320,14300,14490,14467.5756650315,14640,15270,2143,"clm_lst_mod11a2.jun.night_m_1km_s0..0cm_2000..2017_v1.0.tif"
"57",12100,14160,14560,14495.1745027056,14820,16200,2143,"clm_lst_mod11a2.mar.day_m_1km_s0..0cm_2000..2017_v1.0.tif"
"58",55,205,252,263.990002942043,322,659,2143,"clm_lst_mod11a2.mar.day_sd_1km_s0..0cm_2000..2017_v1.0.tif"
"59",-8.45454545454546,578,734,761.940995905032,925,1717,2143,"clm_lst_mod11a2.mar.daynight_m_1km_s0..0cm_2000..2017_v1.0.tif"
"60",11990,13480,13700,13734.4127932627,13930,15020,2143,"clm_lst_mod11a2.mar.night_m_1km_s0..0cm_2000..2017_v1.0.tif"
"61",13110,14870,15050,15076.1542310373,15280,16420,2143,"clm_lst_mod11a2.may.day_m_1km_s0..0cm_2000..2017_v1.0.tif"
"62",37,170,205,209.769320507466,246,537,2143,"clm_lst_mod11a2.may.day_sd_1km_s0..0cm_2000..2017_v1.0.tif"
"63",72.6825396825397,645,820,880.748714585437,1112,2054,2143,"clm_lst_mod11a2.may.daynight_m_1km_s0..0cm_2000..2017_v1.0.tif"
"64",12960,14010,14190,14195.4479176324,14360,15200,2143,"clm_lst_mod11a2.may.night_m_1km_s0..0cm_2000..2017_v1.0.tif"
"65",11970,13970,14280,14268.865168949,14530,16170,2143,"clm_lst_mod11a2.nov.day_m_1km_s0..0cm_2000..2017_v1.0.tif"
"66",43,214,248,258.164150457801,302,553,2143,"clm_lst_mod11a2.nov.day_sd_1km_s0..0cm_2000..2017_v1.0.tif"
"67",-94,442,553,574.206595444454,701,2058,2143,"clm_lst_mod11a2.nov.daynight_m_1km_s0..0cm_2000..2017_v1.0.tif"
"68",11830,13480,13670,13699.1963778128,13860,14960,2143,"clm_lst_mod11a2.nov.night_m_1km_s0..0cm_2000..2017_v1.0.tif"
"69",12670,14440,14660,14680.5246202762,14920,16200,2143,"clm_lst_mod11a2.oct.day_m_1km_s0..0cm_2000..2017_v1.0.tif"
"70",24,170,197,197.080747878295,223,514,2143,"clm_lst_mod11a2.oct.day_sd_1km_s0..0cm_2000..2017_v1.0.tif"
"71",-23,537,675,691.303106097119,833,2034,2143,"clm_lst_mod11a2.oct.daynight_m_1km_s0..0cm_2000..2017_v1.0.tif"
"72",12520,13800,13970,13988.8084881911,14140,15120,2143,"clm_lst_mod11a2.oct.night_m_1km_s0..0cm_2000..2017_v1.0.tif"
"73",13220,14829.2592592593,15000,15029.1834440472,15270,16270,2143,"clm_lst_mod11a2.sep.day_m_1km_s0..0cm_2000..2017_v1.0.tif"
"74",17,155,179,187.018529516731,215,498,2143,"clm_lst_mod11a2.sep.day_sd_1km_s0..0cm_2000..2017_v1.0.tif"
"75",-54.6942148760331,544,681,740.061256965789,924,1970,2143,"clm_lst_mod11a2.sep.daynight_m_1km_s0..0cm_2000..2017_v1.0.tif"
"76",13110,14140,14280,14288.553353147,14440,15260,2143,"clm_lst_mod11a2.sep.night_m_1km_s0..0cm_2000..2017_v1.0.tif"
"77",-275,-69,-48,-53.8554935486794,-33,-8,2143,"lcv_surf.refl.b01_mod09a1.pc1_m_500m_s0..0cm_2001_v1.0.tif"
"78",-81,-15,-1,-4.41011475564195,8,113,2143,"lcv_surf.refl.b01_mod09a1.pc2_m_500m_s0..0cm_2001_v1.0.tif"
"79",-35,4,9,14.5593885666948,21,76,2143,"lcv_surf.refl.b01_mod09a1.pc3_m_500m_s0..0cm_2001_v1.0.tif"
"80",-55,-2,0,1.00995818155984,3,50,2143,"lcv_surf.refl.b01_mod09a1.pc4_m_500m_s0..0cm_2001_v1.0.tif"
"81",-74,-5,-1,-2.2544594509887,1,36,2143,"lcv_surf.refl.b01_mod09a1.pc5_m_500m_s0..0cm_2001_v1.0.tif"
"82",-48,-6,-3,-3.88955816041143,-1,44,2143,"lcv_surf.refl.b01_mod09a1.pc6_m_500m_s0..0cm_2001_v1.0.tif"
"83",-439,-172,-151,-157.130615249661,-137,-42,2143,"lcv_surf.refl.b02_mod09a1.pc1_m_500m_s0..0cm_2001_v1.0.tif"
"84",-162,-63,-50,-45.0014192375204,-31,69,2143,"lcv_surf.refl.b02_mod09a1.pc2_m_500m_s0..0cm_2001_v1.0.tif"
"85",-117,-44,-24,-30.3499677158675,-13,51,2143,"lcv_surf.refl.b02_mod09a1.pc3_m_500m_s0..0cm_2001_v1.0.tif"
"86",-64,-10,-5,-4.93063283918578,0,80,2143,"lcv_surf.refl.b02_mod09a1.pc4_m_500m_s0..0cm_2001_v1.0.tif"
"87",-112,-4,0,-0.216537596915219,4,55,2143,"lcv_surf.refl.b02_mod09a1.pc5_m_500m_s0..0cm_2001_v1.0.tif"
"88",-57,0,4,4.3501170457016,8,81,2143,"lcv_surf.refl.b02_mod09a1.pc6_m_500m_s0..0cm_2001_v1.0.tif"
"89",-371,-186,-175,-171.607998369935,-159,-53,2143,"lcv_surf.refl.b05_mod09a1.pc1_m_500m_s0..0cm_2001_v1.0.tif"
"90",-64,20,26,24.5288162197191,31,79,2143,"lcv_surf.refl.b05_mod09a1.pc2_m_500m_s0..0cm_2001_v1.0.tif"
"91",-56,-11,-6,-6.49137691932057,-1,41,2143,"lcv_surf.refl.b05_mod09a1.pc3_m_500m_s0..0cm_2001_v1.0.tif"
"92",-123,-5,-2,-1.93681760050251,1,37,2143,"lcv_surf.refl.b05_mod09a1.pc4_m_500m_s0..0cm_2001_v1.0.tif"
"93",-48,-12,-9,-9.24955099610004,-6,30,2143,"lcv_surf.refl.b05_mod09a1.pc5_m_500m_s0..0cm_2001_v1.0.tif"
"94",-88,-5,-2,-2.2066853061781,1,35,2143,"lcv_surf.refl.b05_mod09a1.pc6_m_500m_s0..0cm_2001_v1.0.tif"
"95",-410,-159,-137,-137.522047889899,-115,-37,2143,"lcv_surf.refl.b06_mod09a1.pc1_m_500m_s0..0cm_2001_v1.0.tif"
"96",-66,-4,4,4.2640506624926,11,59,2143,"lcv_surf.refl.b06_mod09a1.pc2_m_500m_s0..0cm_2001_v1.0.tif"
"97",-78,-8,-3,-3.73611317702238,1,44,2143,"lcv_surf.refl.b06_mod09a1.pc3_m_500m_s0..0cm_2001_v1.0.tif"
"98",-31,-4,1,0.172195132680799,4,77,2143,"lcv_surf.refl.b06_mod09a1.pc4_m_500m_s0..0cm_2001_v1.0.tif"
"99",-41,-6,-4,-3.60310038290246,-1,69,2143,"lcv_surf.refl.b06_mod09a1.pc5_m_500m_s0..0cm_2001_v1.0.tif"
"100",-45,-4,-1,-1.30081647760983,2,31,2143,"lcv_surf.refl.b06_mod09a1.pc6_m_500m_s0..0cm_2001_v1.0.tif"
"101",-387,-111,-87,-92.31581211798,-67,-21,2143,"lcv_surf.refl.b07_mod09a1.pc1_m_500m_s0..0cm_2001_v1.0.tif"
"102",-57,-6,1,-0.12214073149228,7,61,2143,"lcv_surf.refl.b07_mod09a1.pc2_m_500m_s0..0cm_2001_v1.0.tif"
"103",-54,-7,-2,-1.33926309418427,4,74,2143,"lcv_surf.refl.b07_mod09a1.pc3_m_500m_s0..0cm_2001_v1.0.tif"
"104",-42,-2,1,1.37344950931592,4,59,2143,"lcv_surf.refl.b07_mod09a1.pc4_m_500m_s0..0cm_2001_v1.0.tif"
"105",-19,0,3,4.4722290918266,8,36,2143,"lcv_surf.refl.b07_mod09a1.pc5_m_500m_s0..0cm_2001_v1.0.tif"
"106",-43,-1,1,1.3524906320297,3,30,2143,"lcv_surf.refl.b07_mod09a1.pc6_m_500m_s0..0cm_2001_v1.0.tif"
"107",0,0,0,0.0110813548011822,0,100,2143,"lcv_mangroves_unep.wcmc_p_500m_s0..0cm_2011_v1.0.tif"
"108",0,59,89,90.7527407617427,126,235,2228,"veg_fapar_proba.v.annnual_d_250m_s0..0cm_2014..2019_v1.0.tif"
"109",0,36,69,77.659781087004,113,235,2238,"veg_fapar_proba.v.apr_d_250m_s0..0cm_2014..2019_v1.0.tif"
"110",0,16,34,48.0634883130231,72,235,2238,"veg_fapar_proba.v.apr_l.025_250m_s0..0cm_2014..2019_v1.0.tif"
"111",0,37,60,62.5370633997082,83,226,2238,"veg_fapar_proba.v.apr_r_250m_s0..0cm_2014..2019_v1.0.tif"
"112",0,65,107,110.600601922134,154,235,2238,"veg_fapar_proba.v.apr_u.975_250m_s0..0cm_2014..2019_v1.0.tif"
"113",0,73,146,132.832030984626,196,235,2265,"veg_fapar_proba.v.aug_d_250m_s0..0cm_2014..2019_v1.0.tif"
"114",0,47,110,105.319107678221,162,235,2265,"veg_fapar_proba.v.aug_l.025_250m_s0..0cm_2014..2019_v1.0.tif"
"115",0,32,48,53.1039864832932,68,235,2276,"veg_fapar_proba.v.aug_r_250m_s0..0cm_2014..2019_v1.0.tif"
"116",0,105,178,158.422061900331,223,235,2265,"veg_fapar_proba.v.aug_u.975_250m_s0..0cm_2014..2019_v1.0.tif"
"117",0,28,58,65.5660489925631,96,235,2238,"veg_fapar_proba.v.dec_d_250m_s0..0cm_2014..2019_v1.0.tif"
"118",0,17,36,47.9704532432321,74,235,2238,"veg_fapar_proba.v.dec_l.025_250m_s0..0cm_2014..2019_v1.0.tif"
"119",0,44,86,87.7448476292302,124,235,2238,"veg_fapar_proba.v.dec_u.975_250m_s0..0cm_2014..2019_v1.0.tif"
"120",0,21,41,54.1899185426278,81,235,2238,"veg_fapar_proba.v.feb_d_250m_s0..0cm_2014..2019_v1.0.tif"
"121",0,12,24,37.8423867777968,56,235,2238,"veg_fapar_proba.v.feb_l.025_250m_s0..0cm_2014..2019_v1.0.tif"
"122",0,16,28,34.9022304788796,46,230,2238,"veg_fapar_proba.v.feb_r_250m_s0..0cm_2014..2019_v1.0.tif"
"123",0,32,64,72.7448299082645,106,235,2238,"veg_fapar_proba.v.feb_u.975_250m_s0..0cm_2014..2019_v1.0.tif"
"124",0,23,47,57.7889196708626,86,235,2238,"veg_fapar_proba.v.jan_d_250m_s0..0cm_2014..2019_v1.0.tif"
"125",0,15,31,42.8792404794112,64,235,2238,"veg_fapar_proba.v.jan_l.025_250m_s0..0cm_2014..2019_v1.0.tif"
"126",0,34,69,75.7607964983372,111,235,2238,"veg_fapar_proba.v.jan_u.975_250m_s0..0cm_2014..2019_v1.0.tif"
"127",0,81,151,135.336896793796,195,235,2268,"veg_fapar_proba.v.jul_d_250m_s0..0cm_2014..2019_v1.0.tif"
"128",0,49,109,104.039555961861,157,235,2268,"veg_fapar_proba.v.jul_l.025_250m_s0..0cm_2014..2019_v1.0.tif"
"129",0,35,51,56.9438124003072,73,234,2280,"veg_fapar_proba.v.jul_r_250m_s0..0cm_2014..2019_v1.0.tif"
"130",0,111,181,160.982323739534,223,235,2268,"veg_fapar_proba.v.jul_u.975_250m_s0..0cm_2014..2019_v1.0.tif"
"131",0,86,128,125.969941437037,174,235,2267,"veg_fapar_proba.v.jun_d_250m_s0..0cm_2014..2019_v1.0.tif"
"132",0,46,88,93.8213477653425,141,235,2267,"veg_fapar_proba.v.jun_l.025_250m_s0..0cm_2014..2019_v1.0.tif"
"133",0,36,54,63.1326768118339,81,235,2268,"veg_fapar_proba.v.jun_r_250m_s0..0cm_2014..2019_v1.0.tif"
"134",0,117,172,156.953947387854,210,235,2267,"veg_fapar_proba.v.jun_u.975_250m_s0..0cm_2014..2019_v1.0.tif"
"135",0,22,45,57.671379459038,86,235,2238,"veg_fapar_proba.v.mar_d_250m_s0..0cm_2014..2019_v1.0.tif"
"136",0,11,23,37.0506967293004,56,235,2238,"veg_fapar_proba.v.mar_l.025_250m_s0..0cm_2014..2019_v1.0.tif"
"137",0,22,39,45.3700610191918,62,232,2238,"veg_fapar_proba.v.mar_r_250m_s0..0cm_2014..2019_v1.0.tif"
"138",0,40,76,82.4209024697119,117,235,2238,"veg_fapar_proba.v.mar_u.975_250m_s0..0cm_2014..2019_v1.0.tif"
"139",0,61,105,106.22095077183,148,235,2274,"veg_fapar_proba.v.may_d_250m_s0..0cm_2014..2019_v1.0.tif"
"140",0,30,66,73.2168804239306,108,235,2274,"veg_fapar_proba.v.may_l.025_250m_s0..0cm_2014..2019_v1.0.tif"
"141",0,43,61,65.1964748834709,83,227,2278,"veg_fapar_proba.v.may_r_250m_s0..0cm_2014..2019_v1.0.tif"
"142",0,95,141,138.412977852345,188,235,2274,"veg_fapar_proba.v.may_u.975_250m_s0..0cm_2014..2019_v1.0.tif"
"143",0,34,69,73.7362905774394,108,235,2239,"veg_fapar_proba.v.nov_d_250m_s0..0cm_2014..2019_v1.0.tif"
"144",0,19,42,52.9923563342302,82,235,2239,"veg_fapar_proba.v.nov_l.025_250m_s0..0cm_2014..2019_v1.0.tif"
"145",0,27,41,46.075737124866,58,235,2241,"veg_fapar_proba.v.nov_r_250m_s0..0cm_2014..2019_v1.0.tif"
"146",0,54,100,99.0683292919567,138,235,2239,"veg_fapar_proba.v.nov_u.975_250m_s0..0cm_2014..2019_v1.0.tif"
"147",0,47,88,91.2772815878079,134,235,2240,"veg_fapar_proba.v.oct_d_250m_s0..0cm_2014..2019_v1.0.tif"
"148",0,28,60,67.7554374150865,104,235,2240,"veg_fapar_proba.v.oct_l.025_250m_s0..0cm_2014..2019_v1.0.tif"
"149",0,32,48,50.8618668021348,67,217,2241,"veg_fapar_proba.v.oct_r_250m_s0..0cm_2014..2019_v1.0.tif"
"150",0,75,120,118.617248508477,165,235,2240,"veg_fapar_proba.v.oct_u.975_250m_s0..0cm_2014..2019_v1.0.tif"
"151",0,69,120,116.368224254901,166,235,2241,"veg_fapar_proba.v.sep_d_250m_s0..0cm_2014..2019_v1.0.tif"
"152",0,41,81,88.0609961043065,135,235,2241,"veg_fapar_proba.v.sep_l.025_250m_s0..0cm_2014..2019_v1.0.tif"
"153",0,32,51,59.0754631161098,78,220,2244,"veg_fapar_proba.v.sep_r_250m_s0..0cm_2014..2019_v1.0.tif"
"154",0,99,164,147.136012570183,201,235,2241,"veg_fapar_proba.v.sep_u.975_250m_s0..0cm_2014..2019_v1.0.tif"
"155",0,0,3,14.035192823841,20,100,2143,"lcv_bareground_usgs.landsat_p_250m_s0..0cm_2010_v1.0.tif"
"156",0,62,72,71.9836629000493,82,175,2143,"lcv_landsat.nir_wri.forestwatch_m_250m_s0..0cm_2000_v1.0.tif"
"157",0,61,71,70.4100987076182,80,172,2143,"lcv_landsat.nir_wri.forestwatch_m_250m_s0..0cm_2014_v1.0.tif"
"158",0,59,68,67.2477640938121,75,182,2143,"lcv_landsat.nir_wri.forestwatch_m_250m_s0..0cm_2018_v1.2.tif"
"159",0,23,34,40.7690159060107,53,255,2143,"lcv_landsat.red_wri.forestwatch_m_250m_s0..0cm_2000_v1.0.tif"
"160",0,23,34,40.3622596160944,51,255,2143,"lcv_landsat.red_wri.forestwatch_m_250m_s0..0cm_2014_v1.0.tif"
"161",0,29,41,46.0165378812261,57,255,2143,"lcv_landsat.red_wri.forestwatch_m_250m_s0..0cm_2018_v1.2.tif"
"162",0,73,89,90.5397177842015,106,255,2143,"lcv_landsat.swir1_wri.forestwatch_m_250m_s0..0cm_2000_v1.0.tif"
"163",0,73,88,89.7064607280683,105,255,2143,"lcv_landsat.swir1_wri.forestwatch_m_250m_s0..0cm_2014_v1.0.tif"
"164",0,76,93,93.4346353605353,109,255,2143,"lcv_landsat.swir1_wri.forestwatch_m_250m_s0..0cm_2018_v1.2.tif"
"165",0,40,57,63.3377229631773,82,255,2143,"lcv_landsat.swir2_wri.forestwatch_m_250m_s0..0cm_2000_v1.0.tif"
"166",0,40,57,62.7469240603879,80,255,2143,"lcv_landsat.swir2_wri.forestwatch_m_250m_s0..0cm_2014_v1.0.tif"
"167",0,46,65,69.1618651399416,86,255,2143,"lcv_landsat.swir2_wri.forestwatch_m_250m_s0..0cm_2018_v1.2.tif"
"168",0,0,0,18.1925758170764,25,100,2143,"lcv_treecover_usgs.landsat_p_250m_s0..0cm_2010_v1.0.tif"
"169",0,2499,3936,4202.58160430144,5820,32770,2143,"veg_f02dar.hh_alos.palsar_m_250m_s0..0cm_2007_v1.0.tif"
"170",0,957,1618,1890.04411282727,2700,24140,2143,"veg_f02dar.hv_alos.palsar_m_250m_s0..0cm_2007_v1.0.tif"
"171",-156,80,117,119.186772038974,149,310,2143,"clm_bioclim.var_chelsa.1_m_1km_s0..0cm_1979..2013_v1.0.tif"
"172",4,210,240,235.179002742309,262,387,2143,"clm_bioclim.var_chelsa.10_m_1km_s0..0cm_1979..2013_v1.0.tif"
"173",-399,-47,-10,0.12382356175128,39,280,2143,"clm_bioclim.var_chelsa.11_m_1km_s0..0cm_1979..2013_v1.0.tif"
"174",0,404,714,730.30773566763,975,5755,2143,"clm_bioclim.var_chelsa.12_m_1km_s0..0cm_1979..2013_v1.0.tif"
"175",0,66,100,97.0332089192326,119,1033,2143,"clm_bioclim.var_chelsa.13_m_1km_s0..0cm_1979..2013_v1.0.tif"
"176",0,12,20,30.650650305642,47,352,2143,"clm_bioclim.var_chelsa.14_m_1km_s0..0cm_1979..2013_v1.0.tif"
"177",0,189,290,279.276263479914,343,3011,2143,"clm_bioclim.var_chelsa.16_m_1km_s0..0cm_1979..2013_v1.0.tif"
"178",0,39,65,97.8594764268865,148,1122,2143,"clm_bioclim.var_chelsa.17_m_1km_s0..0cm_1979..2013_v1.0.tif"
"179",7,88,97,98.9454073544935,114,149,2143,"clm_bioclim.var_chelsa.2_m_1km_s0..0cm_1979..2013_v1.0.tif"
"180",85,246,292,290.54034694563,320,839,2143,"clm_bioclim.var_chelsa.3_m_1km_s0..0cm_1979..2013_v1.0.tif"
"181",79,7762,8771,8574.42228576262,9650,21620,2143,"clm_bioclim.var_chelsa.4_m_1km_s0..0cm_1979..2013_v1.0.tif"
"182",13,275,303,297.190727707244,324,477,2143,"clm_bioclim.var_chelsa.5_m_1km_s0..0cm_1979..2013_v1.0.tif"
"183",-428,-96,-61,-51.2979715354117,-19,267,2143,"clm_bioclim.var_chelsa.6_m_1km_s0..0cm_1979..2013_v1.0.tif"
"184",20,327,357,348.496738145594,385,666,2143,"clm_bioclim.var_chelsa.7_m_1km_s0..0cm_1979..2013_v1.0.tif"
"185",106,146,156,157.929442349114,166,296,2143,"clm_diffuse.irradiation_solar.atlas.kwhm2.100_m_1km_s0..0cm_2016_v1.tif"
"186",10,43,47,50.1591661007813,56,83,2143,"clm_direct.irradiation_solar.atlas.kwhm2.10_m_1km_s0..0cm_2016_v1.tif"
"187",0,0,0,4.06316342710016,0,100,2143,"dtm_landform_usgs.ecotapestry.breaks.foothills_p_250m_s0..0cm_2014_v1.0.tif"
"188",0,0,100,59.4808622965244,100,100,2143,"dtm_landform_usgs.ecotapestry.flat.plains_p_250m_s0..0cm_2014_v1.0.tif"
"189",0,0,0,0.00767693111725922,0,100,2143,"dtm_landform_usgs.ecotapestry.high.mountains.deep.canyons_p_250m_s0..0cm_2014_v1.0.tif"
"190",0,0,0,6.88591194560008,0,100,2143,"dtm_landform_usgs.ecotapestry.hills_p_250m_s0..0cm_2014_v1.0.tif"
"191",0,0,0,9.13997702825997,0,100,2143,"dtm_landform_usgs.ecotapestry.low.hills_p_250m_s0..0cm_2014_v1.0.tif"
"192",0,0,0,1.73498643250058,0,100,2143,"dtm_landform_usgs.ecotapestry.low.mountains_p_250m_s0..0cm_2014_v1.0.tif"
"193",0,0,0,18.1255296344304,0,100,2143,"dtm_landform_usgs.ecotapestry.smooth.plains_p_250m_s0..0cm_2014_v1.0.tif"
"194",0,0,0,3.53403390250888,0,100,2143,"dtm_lithology_usgs.ecotapestry.acid.plutonics_p_250m_s0..0cm_2014_v1.0.tif"
"195",0,0,0,1.43727209110746,0,100,2143,"dtm_lithology_usgs.ecotapestry.acid.volcanic_p_250m_s0..0cm_2014_v1.0.tif"
"196",0,0,0,0.201076541955905,0,100,2143,"dtm_lithology_usgs.ecotapestry.basic.plutonics_p_250m_s0..0cm_2014_v1.0.tif"
"197",0,0,0,2.00162987152951,0,100,2143,"dtm_lithology_usgs.ecotapestry.basic.volcanics_p_250m_s0..0cm_2014_v1.0.tif"
"198",0,0,0,16.4240382429276,0,100,2143,"dtm_lithology_usgs.ecotapestry.carbonate.sedimentary.rock_p_250m_s0..0cm_2014_v1.0.tif"
"199",0,0,0,0.125488297109045,0,100,2143,"dtm_lithology_usgs.ecotapestry.evaporite_p_250m_s0..0cm_2014_v1.0.tif"
"200",0,0,0,0,0,0,2143,"dtm_lithology_usgs.ecotapestry.ice.and.glaciers_p_250m_s0..0cm_2014_v1.0.tif"
"201",0,0,0,0.258582661355805,0,100,2143,"dtm_lithology_usgs.ecotapestry.intermediate.plutonics_p_250m_s0..0cm_2014_v1.0.tif"
"202",0,0,0,0.832061226478326,0,100,2143,"dtm_lithology_usgs.ecotapestry.intermediate.volcanics_p_250m_s0..0cm_2014_v1.0.tif"
"203",0,0,0,5.22768006094303,0,100,2143,"dtm_lithology_usgs.ecotapestry.metamorphics_p_250m_s0..0cm_2014_v1.0.tif"
"204",0,0,0,8.10101365017406,0,100,2143,"dtm_lithology_usgs.ecotapestry.mixed.sedimentary.rock_p_250m_s0..0cm_2014_v1.0.tif"
"205",0,0,0,0.368197427047009,0,100,2143,"dtm_lithology_usgs.ecotapestry.pyroclastics_p_250m_s0..0cm_2014_v1.0.tif"
"206",0,0,0,26.4992396885528,100,100,2143,"dtm_lithology_usgs.ecotapestry.siliciclastic.sedimentary_p_250m_s0..0cm_2014_v1.0.tif"
"207",0,0,0,34.3764855599878,100,100,2143,"dtm_lithology_usgs.ecotapestry.unconsolidated.sediment_p_250m_s0..0cm_2014_v1.0.tif"
"208",0,0,0,0.105114902990165,0,100,2143,"dtm_lithology_usgs.ecotapestry.undefined_p_250m_s0..0cm_2014_v1.0.tif"
"209",0,0,0,21.6024144193604,0,2884,2178,"dtm_floodmap.500y_jrc.hazardmapping_m_1km_s0..0cm_1500..2016_v1.0.tif"
"210",1,7,17,29.2741993108478,41,270,2143,"dtm_water.table.depth_deltares_m_1km_b0..150m_2016_v1.0.tif"
"211",0,0,0,7.29237592160082,5,100,2143,"clm_snow.prob_esacci.apr_p_1km_s0..0cm_2000..2016_v1.0.tif"
"212",0,0,0,0.252089749230092,0,100,2143,"clm_snow.prob_esacci.aug_p_1km_s0..0cm_2000..2016_v1.0.tif"
"213",0,7,29,34.8996477469683,58,100,2143,"clm_snow.prob_esacci.dec_p_1km_s0..0cm_2000..2016_v1.0.tif"
"214",0,4,29,37.7864484449785,70,100,2143,"clm_snow.prob_esacci.feb_p_1km_s0..0cm_2000..2016_v1.0.tif"
"215",0,9,36,41.2589192652586,72,100,2143,"clm_snow.prob_esacci.jan_p_1km_s0..0cm_2000..2016_v1.0.tif"
"216",0,0,0,0.225515756901118,0,100,2143,"clm_snow.prob_esacci.jul_p_1km_s0..0cm_2000..2016_v1.0.tif"
"217",0,0,0,0.474071165151457,0,100,2143,"clm_snow.prob_esacci.jun_p_1km_s0..0cm_2000..2016_v1.0.tif"
"218",0,0,5,19.8555851150211,31,100,2143,"clm_snow.prob_esacci.mar_p_1km_s0..0cm_2000..2016_v1.0.tif"
"219",0,0,0,1.7305810551056,0,100,2143,"clm_snow.prob_esacci.may_p_1km_s0..0cm_2000..2016_v1.0.tif"
"220",0,1,4,14.1235454430032,20,100,2143,"clm_snow.prob_esacci.nov_p_1km_s0..0cm_2000..2016_v1.0.tif"
"221",0,0,0,3.41793508268941,2,100,2143,"clm_snow.prob_esacci.oct_p_1km_s0..0cm_2000..2016_v1.0.tif"
"222",0,0,0,0.569767064193907,0,100,2143,"clm_snow.prob_esacci.sep_p_1km_s0..0cm_2000..2016_v1.0.tif"
"223",10,82,100,110.421587530302,124,600,2143,"clm_water.vapor_nasa.eo.apr_m_1km_s0..0cm_2000..2017_v1.0.tif"
"224",30,197,260,268.446493266446,327,600,2143,"clm_water.vapor_nasa.eo.aug_m_1km_s0..0cm_2000..2017_v1.0.tif"
"225",7,52,67,75.434210176658,84,600,2143,"clm_water.vapor_nasa.eo.dec_m_1km_s0..0cm_2000..2017_v1.0.tif"
"226",7,48,62,71.7955278923576,81,600,2143,"clm_water.vapor_nasa.eo.feb_m_1km_s0..0cm_2000..2017_v1.0.tif"
"227",7,50,65,73.2825553551023,83,600,2143,"clm_water.vapor_nasa.eo.jan_m_1km_s0..0cm_2000..2017_v1.0.tif"
"228",30,207,275,279.335972032349,342,600,2143,"clm_water.vapor_nasa.eo.jul_m_1km_s0..0cm_2000..2017_v1.0.tif"
"229",32,158,220,226.00188380079,274,600,2143,"clm_water.vapor_nasa.eo.jun_m_1km_s0..0cm_2000..2017_v1.0.tif"
"230",8,61,78,86.7887603823112,98,600,2143,"clm_water.vapor_nasa.eo.mar_m_1km_s0..0cm_2000..2017_v1.0.tif"
"231",20,123,153,163.443425446665,188,600,2143,"clm_water.vapor_nasa.eo.may_m_1km_s0..0cm_2000..2017_v1.0.tif"
"232",9,68,90,97.1141884450376,110,599,2143,"clm_water.vapor_nasa.eo.nov_m_1km_s0..0cm_2000..2017_v1.0.tif"
"233",15,100,134,139.492064710624,159,596,2143,"clm_water.vapor_nasa.eo.oct_m_1km_s0..0cm_2000..2017_v1.0.tif"
"234",31,144,199,202.325014689512,232,600,2143,"clm_water.vapor_nasa.eo.sep_m_1km_s0..0cm_2000..2017_v1.0.tif"
"235",0,0,0,0.21816657168925,0,93,2143,"lcv_water.occurance_jrc.surfacewater_p_250m_b0..200cm_1984..2018_v1.1.tif"
"236",0,0,0,0.182607617287268,0,100,2143,"lcv_water.permanent_probav.lc100_p_250m_s0..0cm_2017_v1.0.tif"
"237",0,0,0,0.527414025753151,0,100,2143,"lcv_water.seasonal_probav.lc100_p_250m_s0..0cm_2017_v1.0.tif"
"238",0,0,0,9.08805439991496,0,100,2143,"lcv_wetlands.groundwater.driven_upmc.wtd_p_250m_b0..200cm_2010..2015_v1.0.tif"
"239",5,37,43,43.0547607090305,50,77,2143,"clm_wind.speed_terraclimate.apr_m_5km_s0..0cm_1998..2018_v1.tif"
"240",5,24,29,29.6217723671817,35,72,2143,"clm_wind.speed_terraclimate.aug_m_5km_s0..0cm_1998..2018_v1.tif"
"241",3,30,37,36.0959640915833,43,96,2143,"clm_wind.speed_terraclimate.dec_m_5km_s0..0cm_1998..2018_v1.tif"
"242",5,32,39,38.4288894728606,45,87,2143,"clm_wind.speed_terraclimate.feb_m_5km_s0..0cm_1998..2018_v1.tif"
"243",4,31,38,36.5382887923695,43,95,2143,"clm_wind.speed_terraclimate.jan_m_5km_s0..0cm_1998..2018_v1.tif"
"244",5,26,31,31.116255525414,36,71,2143,"clm_wind.speed_terraclimate.jul_m_5km_s0..0cm_1998..2018_v1.tif"
"245",5,29,35,35.3239881163985,41,69,2143,"clm_wind.speed_terraclimate.jun_m_5km_s0..0cm_1998..2018_v1.tif"
"246",5,34,40,39.9677984984616,46,81,2143,"clm_wind.speed_terraclimate.mar_m_5km_s0..0cm_1998..2018_v1.tif"
"247",5,33,40,39.322807792926,45,75,2143,"clm_wind.speed_terraclimate.may_m_5km_s0..0cm_1998..2018_v1.tif"
"248",4,29,36,35.5864267780356,43,92,2143,"clm_wind.speed_terraclimate.nov_m_5km_s0..0cm_1998..2018_v1.tif"
"249",2,28,34,34.307416801259,41,81,2143,"clm_wind.speed_terraclimate.oct_m_5km_s0..0cm_1998..2018_v1.tif"
"250",4,25,29,30.8023541636287,36,71,2143,"clm_wind.speed_terraclimate.sep_m_5km_s0..0cm_1998..2018_v1.tif"
"251",-260,-5,-2,-5.27943921220709,-1,23,2143,"dtm_curvature_merit.dem_m_1km_s0..0cm_2017_v1.0.tif"
"252",-161,-5,-2,-4.18526144473923,-1,17,2144,"dtm_curvature_merit.dem_m_2km_s0..0cm_2017_v1.0.tif"
"253",-295,-6,-2,-5.65055576382169,-1,32,2143,"dtm_downlslope.curvature_merit.dem_m_1km_s0..0cm_2017_v1.0.tif"
"254",-188,-5,-2,-4.48544090499533,0,16,2144,"dtm_downlslope.curvature_merit.dem_m_2km_s0..0cm_2017_v1.0.tif"
"255",-296,-55,-14,-9.22763910373973,34,423,2143,"dtm_dvm_merit.dem_m_1km_s0..0cm_2017_v1.0.tif"
"256",-294,-58,-15,-11.1702697634681,31,439,2144,"dtm_dvm_merit.dem_m_2km_s0..0cm_2017_v1.0.tif"
"257",-301,-60,-15,-10.7538921223046,34,429,2143,"dtm_dvm2_merit.dem_m_1km_s0..0cm_2017_v1.0.tif"
"258",-294,-59,-17,-12.5110859630115,30,468,2144,"dtm_dvm2_merit.dem_m_2km_s0..0cm_2017_v1.0.tif"
"259",-17,-16,-14,-1.12210454208582,-8,3254,2143,"dtm_earthquakes.dens_earthquake.usgs_m_1km_s0..0cm_1910..2017_v1.0.tif"
"260",0,0,0,0.304726922702162,0,3,2143,"dtm_inundation.extent_giems.d15_m_1km_s0..0cm_2015_v1.0.tif"
"261",0,1,2,6.19962204636467,6,172,2143,"dtm_mrn_merit.dem_m_1km_s0..0cm_2017_v1.0.tif"
"262",0,1,2,5.89698625932854,6,178,2144,"dtm_mrn_merit.dem_m_2km_s0..0cm_2017_v1.0.tif"
"263",136,156,157,156.380241194293,157,158,2143,"dtm_neg.openess_merit.dem_m_1km_s0..0cm_2017_v1.0.tif"
"264",144,157,157,156.634729517103,157,158,2144,"dtm_neg.openess_merit.dem_m_2km_s0..0cm_2017_v1.0.tif"
"265",133,156,157,156.155465635935,157,158,2143,"dtm_pos.openess_merit.dem_m_1km_s0..0cm_2017_v1.0.tif"
"266",144,156,157,156.500375935298,157,158,2144,"dtm_pos.openess_merit.dem_m_2km_s0..0cm_2017_v1.0.tif"
"267",0,0,1,2.19343827353496,2,41,2143,"dtm_slope_merit.dem_m_1km_s0..0cm_2017_v1.0.tif"
"268",0,0,1,1.45873514084069,2,26,2144,"dtm_slope_merit.dem_m_2km_s0..0cm_2017_v1.0.tif"
"269",-67,-1,0,-0.24321311409671,0,57,2143,"dtm_tpi_merit.dem_m_1km_s0..0cm_2017_v1.0.tif"
"270",64,108,116,113.540098332399,122,140,2143,"dtm_twi_merit.dem_m_1km_s0..0cm_2017_v1.0.tif"
"271",79,119,128,124.700959151044,133,151,2144,"dtm_twi_merit.dem_m_2km_s0..0cm_2017_v1.0.tif"
"272",53,97,106,103.245932369406,112,135,2143,"dtm_twi_merit.dem_m_500m_s0..0cm_2017_v1.0.tif"
"273",-58,0,1,3.30294089713505,3,176,2143,"dtm_upslope.curvature_merit.dem_m_1km_s0..0cm_2017_v1.0.tif"
"274",-34,0,1,2.76437420322737,2,127,2144,"dtm_upslope.curvature_merit.dem_m_2km_s0..0cm_2017_v1.0.tif"
"275",0,221,498,554.33203510214,1019,1085,2143,"dtm_vbf_merit.dem_m_1km_s0..0cm_2017_v1.0.tif"
"276",0,490,983,766.832511085817,991,997,2144,"dtm_vbf_merit.dem_m_2km_s0..0cm_2017_v1.0.tif"
"277",0,150,448,411.271906895847,657,1095,2143,"dtm_vbf_merit.dem_m_500m_s0..0cm_2017_v1.0.tif"
"278",-10000,-6154,-240,-114.019569195689,5926,9999,2143,"dtm_aspect.cosine_merit.dem_m_250m_s0..0cm_2018_v1.0.tif"
"279",-1000,-599,74,38.4143967982627,672,1000,2143,"dtm_aspect.sine_merit.dem_m_250m_s0..0cm_2018_v1.0.tif"
"280",-8778,-1608,-80,-65.1801435664128,1495,8405,2143,"dtm_convergence_merit.dem_m_250m_s0..0cm_2018_v1.0.tif"
"281",-5131,-1274,-381,87.3668206353763,967,16240,2143,"dtm_cti_merit.dem_m_250m_s0..0cm_2018_v1.0.tif"
"282",-337,-8,-3,-7.78292756229022,-1,87,2143,"dtm_curvature_merit.dem_m_250m_s0..0cm_2017_v1.0.tif"
"283",-50,-11,-2,-0.146812751452953,10,649,2143,"dtm_dev.magnitude_merit.dem_m_250m_s0..0cm_2018_v1.0.tif"
"284",-377,-8,-3,-7.99457918718592,-1,140,2143,"dtm_downlslope.curvature_merit.dem_m_250m_s0..0cm_2017_v1.0.tif"
"285",-601,-51,-8,-3.5492004112747,42,532,2143,"dtm_dvm_merit.dem_m_250m_s0..0cm_2017_v1.0.tif"
"286",-760,-54,-10,-4.95843869117075,42,549,2143,"dtm_dvm2_merit.dem_m_250m_s0..0cm_2017_v1.0.tif"
"287",-6275,-109,6,3.55081017898621,121,7279,2143,"dtm_easthness_merit.dem_m_250m_s0..0cm_2018_v1.0.tif"
"288",-319,245,425,738.230138997937,1221,5073,2143,"dtm_elevation_merit.dem_m_250m_s0..0cm_2017_v1.0.tif"
"289",0,0,1,5.35788715497145,5,243,2143,"dtm_mrn_merit.dem_m_250m_s0..0cm_2017_v1.0.tif"
"290",114,156,157,155.707877040857,157,159,2143,"dtm_neg.openess_merit.dem_m_250m_s0..0cm_2017_v1.0.tif"
"291",-6916,-108,-2,1.58494767466813,109,7010,2143,"dtm_northness_merit.dem_m_250m_s0..0cm_2018_v1.0.tif"
"292",-642,-10,0,-1.8950339270541,8,775,2143,"dtm_pcurv_merit.dem_m_250m_s0..0cm_2018_v1.0.tif"
"293",111,155,156,155.432975031837,157,159,2143,"dtm_pos.openess_merit.dem_m_250m_s0..0cm_2017_v1.0.tif"
"294",10,140,274,480.969210394306,709,3417,2143,"dtm_rough.magnitude_merit.dem_m_250m_s0..0cm_2018_v1.0.tif"
"295",1,85,556,889.678562767915,1999,1999,2143,"dtm_rough.scale_merit.dem_m_250m_s0..0cm_2018_v1.0.tif"
"296",0,28,66,140.034051447707,153,2677,2143,"dtm_roughness_merit.dem_m_250m_s0..0cm_2018_v1.0.tif"
"297",0,1,2,3.7375192797537,4,81,2143,"dtm_slope_merit.dem_m_250m_s0..0cm_2017_v1.0.tif"
"298",-689,-6,1,3.19470942469254,10,824,2143,"dtm_tcurv_merit.dem_m_250m_s0..0cm_2018_v1.0.tif"
"299",-91,-1,0,-0.334297275654223,1,93,2143,"dtm_tpi_merit.dem_m_250m_s0..0cm_2017_v1.0.tif"
"300",-143,0,2,4.99092453015502,6,420,2143,"dtm_upslope.curvature_merit.dem_m_250m_s0..0cm_2017_v1.0.tif"
"301",0,79,375,371.991206857603,635,1188,2143,"dtm_vbf_merit.dem_m_250m_s0..0cm_2017_v1.0.tif"
"302",0,2,9,100.540355202025,49,16740,2143,"dtm_vrm_merit.dem_m_250m_s0..0cm_2018_v1.0.tif"
"303",690,4393,5373,5145.11158714646,5914,9816,2143,"clm_cloud.fraction_earthenv.modis.annual_m_1km_s0..0cm_2000..2015_v1.0.tif"
"304",621,4884,5567,5347.19483460642,6081,10000,2143,"clm_cloud.fraction_earthenv.modis.apr_p_1km_s0..0cm_2000..2015_v1.0.tif"
"305",0,3737,4789,4580.54094904585,5515,9985,2143,"clm_cloud.fraction_earthenv.modis.aug_p_1km_s0..0cm_2000..2015_v1.0.tif"
"306",142,4828,5736,5771.21913209341,6721,9999,2143,"clm_cloud.fraction_earthenv.modis.dec_p_1km_s0..0cm_2000..2015_v1.0.tif"
"307",261,4950,5587,5637.12666050544,6370,10000,2143,"clm_cloud.fraction_earthenv.modis.feb_p_1km_s0..0cm_2000..2015_v1.0.tif"
"308",352,4424,5429,5428.75022809343,6326,10000,2143,"clm_cloud.fraction_earthenv.modis.jan_p_1km_s0..0cm_2000..2015_v1.0.tif"
"309",0,3718,4781,4654.84032869076,5768,9925,2143,"clm_cloud.fraction_earthenv.modis.jul_p_1km_s0..0cm_2000..2015_v1.0.tif"
"310",63,3740,5251,4895.63823938443,6070,9933,2143,"clm_cloud.fraction_earthenv.modis.jun_p_1km_s0..0cm_2000..2015_v1.0.tif"
"311",414,4841,5777,5567.90803036522,6381,10000,2143,"clm_cloud.fraction_earthenv.modis.mar_p_1km_s0..0cm_2000..2015_v1.0.tif"
"312",480,4804,5867,5497.78850054772,6476,9937,2143,"clm_cloud.fraction_earthenv.modis.may_p_1km_s0..0cm_2000..2015_v1.0.tif"
"313",94,4127,5082,5186.86036252831,6331,9998,2143,"clm_cloud.fraction_earthenv.modis.nov_p_1km_s0..0cm_2000..2015_v1.0.tif"
"314",132,3890,4861,4794.04385299267,5739,9958,2143,"clm_cloud.fraction_earthenv.modis.oct_p_1km_s0..0cm_2000..2015_v1.0.tif"
"315",36,3638,4449,4385.95810167209,5299,9952,2143,"clm_cloud.fraction_earthenv.modis.sep_p_1km_s0..0cm_2000..2015_v1.0.tif"
